rainfall,temperature,NDVI,biomass
1826,20,0.6475722770237968,1971.055247787528
1560,22,0.5021593840521461,1697.5775747705438
1994,29,0.5140998074628074,2131.455937294673
1830,28,0.658798882829088,2085.1215728438647
1795,25,0.6462180756621848,2067.5359641299956
1744,26,0.7956279968510942,2212.9015048094257
821,27,0.3641971447270626,1367.7076401020065
1166,22,0.35205482469208316,1513.0378266376372
1938,32,0.6621694085643706,2290.7902069233087
1030,15,0.5891934585032046,1378.7452772178297
787,29,0.4370803332799029,1409.3016176703031
1823,22,0.3397096844944933,1602.7558892500374
1571,25,0.34282912479821526,1593.5934682437623
830,26,0.7470954373320591,1661.631315426404
1469,26,0.39593366235937144,1624.2292424626419
1043,18,0.46168578105776037,1350.8035246594463
1505,30,0.413328201113494,1724.707204494384
1085,18,0.47749815291596864,1436.0496862821922
1915,19,0.3347119213730467,1672.2222746189564
1655,19,0.5595298954541352,1766.5648793972048
976,22,0.33380628179610744,1245.4115459704615
1884,24,0.7001782539111807,2129.93778810413
1159,31,0.4168560409552165,1657.6109541885983
721,23,0.5700059573022553,1347.1494465167104
952,33,0.7400395437807291,1843.1337193269665
1447,28,0.6254386845235971,1893.752383084764
1556,22,0.5664788932756677,1717.185347102007
1174,23,0.4621668765576878,1468.203983571613
1782,25,0.46650095652909895,1833.689912851866
1210,15,0.634743477599095,1583.4629366347315
1399,28,0.7970696806105837,2069.69774706068
1675,19,0.6309195949246893,1858.0990904930663
889,28,0.5788917086850125,1625.936606793411
1657,18,0.665325255119623,1846.9566656996533
1386,15,0.5326028061418591,1545.1260486383037
1657,33,0.3300711713003926,1813.4100836537677
1262,22,0.5811484079389548,1665.4165254089362
1967,29,0.7788126422526901,2313.174709372111
1531,29,0.3876514711788298,1611.2106132650083
1854,23,0.6450024454103329,2025.2884873010178
1346,23,0.4004668443295282,1604.6042511345252
720,24,0.5679138422365406,1454.2246123486202
1540,34,0.3483382248233598,1846.6080990529183
866,23,0.5251854681290926,1479.9920042194035
1997,17,0.6780816644476231,2021.014543995695
1087,34,0.473785762119491,1707.1515474897708
1300,25,0.632455862243609,1751.5732674718913
1015,20,0.6977249803948646,1589.4213375935121
713,16,0.7635889097397264,1470.8774672282832
941,21,0.41732104092772676,1368.0152627861676
1476,32,0.49965795790465406,1870.6856441206041
1264,16,0.3762080066652087,1305.6985434226383
1597,31,0.7962417510791876,2214.7681490220175
791,25,0.7635004839621476,1689.0608214086035
1655,26,0.5699785651402798,1845.2858243336027
1208,33,0.7210166471882107,1870.207599531349
1475,21,0.5604789886360211,1690.452146161442
734,34,0.6117928440013798,1597.757222705672
905,20,0.3445622160580083,1171.6552061756427
1804,15,0.677635210248404,1872.2461943075305
1725,31,0.3638567418176174,1823.6943213664667
1721,25,0.7130338151262642,2146.157191849801
1265,32,0.6910140438351929,1979.851282065309
1829,31,0.6543723488714882,2203.8960668520294
1402,21,0.31808019026238105,1470.1905474645512
1101,31,0.4515641779726643,1565.1225220836259
1429,34,0.4315562849554214,1878.011874326435
861,23,0.48006820373575954,1366.7799894089867
901,31,0.34382137338191926,1447.84540424398
1695,34,0.7684789115155314,2242.3860498635236
969,22,0.5769011203561881,1423.713182055385
1515,31,0.45276215532901176,1871.1566382302633
1994,21,0.4984907585371417,1934.3112348420175
1155,15,0.5236012702524178,1355.9986925345422
1975,27,0.6002971666803086,2084.314012616574
1716,33,0.5578397138482489,2132.111453068987
995,33,0.7596959866072086,1857.7253919638422
1419,31,0.5484817414529151,1960.1153891157135
1037,27,0.7960790074116564,1809.5479706792628
1578,30,0.7257124788725479,2146.632075152967
1776,22,0.4042552571786679,1715.8243333912185
1491,33,0.7652976073219582,2200.956978876075
916,32,0.35818319894273803,1428.9774988370284
1463,15,0.7087248542455957,1732.085208941981
887,28,0.49031164673829003,1495.8576055080762
1079,33,0.7389871602225347,1888.3777874334612
1192,29,0.7340283450537252,1947.0695623247314
1764,32,0.7029627000588106,2199.3020217352314
1880,16,0.6950152181535307,1943.58522238653
714,31,0.4523395695490204,1379.6221008185946
764,32,0.3404596415256261,1234.3429585858605
1220,20,0.5014900893825807,1501.9387012525722
1852,33,0.3867622574932543,2093.3930285739
1347,18,0.6474755444512308,1720.2057588461319
1786,15,0.47304986326889276,1665.086844282173
1862,22,0.7878051004299574,2145.660558969544
1292,21,0.620486038672666,1687.6093333132683
1091,17,0.7112402818171805,1624.096237575941
1118,24,0.3662623363709242,1346.221695605482
988,24,0.7310072411363113,1760.7233258697547
1078,33,0.7613785952566972,1996.1476610287596
930,28,0.5435309594094679,1604.4402456948646
1717,16,0.6031264688754887,1803.550255815975
740,15,0.6824049004514977,1353.3857333361973
1751,32,0.38741931363020626,1936.5623754285473
834,21,0.5512830382317212,1417.87374491879
900,22,0.49933151388615654,1371.6294783391054
1479,15,0.37318699608112454,1384.0069074362796
1629,17,0.4837672111457657,1643.360025908865
1756,22,0.3340861546927468,1729.5371622675061
1771,29,0.3129059534747435,1716.4505996920484
1202,19,0.36758314457741137,1275.2068812897894
1106,17,0.7815575557945869,1682.7955978564125
1504,33,0.5747647679475085,1989.3091530403094
798,15,0.78291108057661,1490.5781637951304
1383,29,0.516248939165066,1799.946599060491
1425,22,0.4559080665426298,1597.2479538108894
1660,16,0.5530709314201221,1777.5641033502263
1312,17,0.519755844316455,1435.7106453926292
1342,28,0.35283234213087195,1542.4074908918597
1728,28,0.620413157345103,2039.2504193376508
1941,25,0.4080190912547998,1796.3596506970914
1202,30,0.6097939774489147,1802.001257227311
1466,18,0.6251005461990766,1801.1740544854777
1097,34,0.37601242656432404,1605.556750979122
1570,19,0.33067481355533407,1507.2098588412682
1494,28,0.6903807930342198,1934.372554775591
1092,30,0.5299002118846601,1645.0821414826862
906,32,0.3290818977527379,1403.322078736541
1738,21,0.7974331585848835,2070.5474037470717
1591,24,0.3288902804981833,1668.4724702483718
1563,21,0.6475176144292766,1876.9021674655328
1442,15,0.7918394626317068,1757.266564784855
1964,33,0.4195900521079628,2073.9152910295634
1263,30,0.3711246843435981,1627.5357717684374
1720,33,0.36069246971121444,1937.6999216372778
795,18,0.45163757378379776,1288.1646081122165
1184,32,0.35052290550532333,1531.7681959139297
930,16,0.6460806708470659,1390.537795286549
1448,15,0.33114589906503133,1292.2670061193005
1894,29,0.5547110640748949,2070.010071119546
1240,19,0.7983484269264884,1821.6663456488052
1759,34,0.7069851347530094,2315.8518605824643
1224,25,0.6076097191155054,1715.8121679333792
1883,24,0.4531268103933058,1858.6344342305636
1966,16,0.6119479181458192,1922.5358177582561
1809,17,0.5635207319558257,1766.2635868743246
1277,26,0.5130416919451857,1776.0186280299245
1381,34,0.3653551883700997,1655.4721370141967
1256,19,0.7433021076202333,1760.5391365650196
1712,19,0.5248923244106612,1862.0726353721434
1345,20,0.3973112559103825,1470.1512481383822
1495,23,0.4838796754386448,1681.87772368857
1751,16,0.5070648762644635,1684.692605123942
1954,26,0.7137689477834371,2201.749363695317
889,17,0.666807190280701,1519.9496140145275
1948,34,0.6846524468206698,2228.0593512541946
1332,26,0.3055156322143236,1568.18731727914
1327,31,0.5080769990898808,1720.3791414673735
1672,24,0.5406720758176617,1843.3394593559408
1982,28,0.30959613841152833,1839.1339173965953
1409,31,0.4299066043725171,1783.834267861053
1348,32,0.6801449115610675,1914.2386939668802
1017,33,0.3685548528644995,1560.1634861685966
1948,31,0.5676550657262958,2262.8705468906387
1957,28,0.40760093600861874,1877.942235778978
1383,23,0.3060603873219466,1467.0456957024664
1363,22,0.42060072879977073,1509.0016199099402
1956,16,0.7879368774550268,2107.2312377646786
1836,27,0.7007685559414948,2159.7259448122827
1141,21,0.7797883221605166,1738.213976708301
1263,23,0.5439270219631812,1659.820636206735
1991,25,0.35486809933875174,1940.585504828089
1836,28,0.5739797444868464,2042.4345549004813
1651,18,0.5271886672799804,1748.6765643873894
1804,27,0.722178541369808,2099.5148934762497
1398,16,0.3490412903921223,1320.219471551222
812,19,0.5441205685108891,1353.7408824049078
701,25,0.3750243323469921,1299.7301337737904
1341,20,0.46233796344503,1550.618630884313
919,32,0.6686785386938998,1752.5256371677422
1554,24,0.5380090646843833,1794.973634955551
1948,18,0.48794414257288465,1759.4237558743987
1084,23,0.49723813928501764,1529.463905602786
1853,20,0.5297233842029934,1900.3400373191637
1776,16,0.6925082719185285,1877.9037552768743
1429,31,0.7460423444701172,2057.040237082142
946,19,0.7776673432519641,1643.9612547345666
1535,20,0.6934516931276475,1839.1157063256178
902,26,0.45770344787400635,1425.3968171427152
1907,24,0.644067353043271,2182.5534425015967
822,20,0.518801562027696,1317.450276990396
1100,22,0.4273353110230256,1399.4183034219643
1466,16,0.7204357897129613,1741.0586994312032
993,26,0.3192131744811625,1372.9227730561593
979,27,0.7508809960677117,1771.3197874068067
1583,21,0.5307387323123671,1709.7700803962957
897,24,0.6186007384041402,1613.1659400177907
1681,27,0.6296769611028914,2081.157111328573
1451,31,0.7475588703532682,2063.037692066333
843,28,0.6183348410836036,1506.5078435155729
1308,16,0.6069667923800308,1631.342476871877
1924,25,0.33332602028034497,1761.0945289923447
1847,15,0.559204010972602,1822.2352909307403
886,33,0.3750845004085208,1379.5793095229292
1163,18,0.6687168843607427,1654.8467512757084
1359,33,0.5561109604063372,1835.0523639422981
1463,25,0.6401138896041767,1908.152095557503
1654,22,0.3208364503011921,1588.5501036930139
1102,25,0.3423960080229016,1345.6990370530696
846,18,0.6581616940313411,1420.809878385002
1871,31,0.33604216799933667,1925.8580908471718
1563,21,0.3356283638826293,1542.423086538391
1188,22,0.3060542376174437,1369.274886641068
1628,17,0.77825069914974,2031.072728375514
1250,16,0.6687541797295035,1535.542099143951
1037,29,0.47662570425103207,1655.9863329994632
1571,19,0.4482677906438276,1618.9855875199883
1340,15,0.47485161487292477,1399.9124124567684
1172,18,0.6873267655905909,1566.8110843036413
850,29,0.6306853055352072,1626.2292859963554
962,34,0.39259778393373396,1599.680289529957
843,33,0.38705466766704216,1462.1772116481654
1045,17,0.34919782485669865,1287.255571369066
1323,34,0.6301513598506691,1899.092575348091
1716,25,0.682186331110868,2039.5818837185652
1580,31,0.432523214162502,1779.903541941846
701,27,0.3104724805154564,1219.1540746467049
1596,25,0.34108583373821366,1683.4302032430787
953,16,0.7839300174225152,1559.3919277384625
1152,23,0.4477223887387101,1353.5116959073534
1760,16,0.6846115739190668,1894.5589812588914
1883,23,0.6123317844271319,2035.6687120138074
1714,23,0.49096981982644794,1828.1845575745328
708,22,0.40284363109777754,1258.6327406888852
1956,31,0.3606932090797032,1905.1405250972507
1822,15,0.6075064840194333,1852.5172892919556
1515,25,0.687316890318894,2004.4422659427926
907,22,0.6219521267705653,1426.5227475702395
1854,24,0.5651510666245791,1988.1336579205279
1103,21,0.3209756117158181,1267.2666201654345
851,17,0.7842443887971919,1545.6682551421097
753,17,0.6993570958272872,1433.2409200042039
1843,32,0.44641101835048236,1983.5495901448048
1327,19,0.7899851646794254,1799.6997607213448
1286,26,0.6009407948181611,1765.6484156925624
803,26,0.5912113291036232,1458.349032160483
953,33,0.674036589714766,1756.2453332705068
1950,20,0.7058848940450688,2114.853558192894
1835,16,0.6282393036657513,1808.2996019078184
1209,26,0.3640478731831,1521.8634982285605
798,33,0.4691337529972492,1551.2633176399468
852,19,0.7640418201630248,1483.7514837234949
1613,26,0.41230780592192595,1704.9295733051433
1577,31,0.48608351191875665,1954.2889820711252
1037,31,0.516038441472098,1605.4801649151138
1521,24,0.5197024948472261,1736.9822817317568
1886,31,0.6064697912472627,2192.572835909858
1656,29,0.7715379188723538,2218.7074443364836
860,26,0.42034635591625247,1357.7694116140276
1500,30,0.360750688150459,1680.8751784158771
1097,33,0.39873524492996865,1678.3537380148941
1515,22,0.7434624501046347,2027.9074332945136
1858,31,0.6229054063276029,2220.8483088666926
1918,19,0.44295339461958005,1786.2193017478314
1100,30,0.7079734694843086,1817.5601834022623
1339,20,0.7306849981817181,1758.6627778538898
1756,22,0.7232571693451391,2067.382874608427
1387,32,0.7594632668197772,2113.8831778642116
1159,26,0.4261205100866808,1595.7004397340022
1654,29,0.6775209643731391,2117.043468999946
1169,23,0.53026974863707,1499.6157335490789
1745,27,0.7209992764450308,2186.0966573311766
1449,29,0.6642453385808066,1918.842307215086
737,24,0.6882237232498623,1517.5251596522448
929,30,0.6280809188405357,1705.0909291531204
1262,21,0.3887143847348534,1539.4977592240516
1137,31,0.5725134594484691,1916.509387248737
726,21,0.7923348697622541,1605.6710227190633
925,28,0.7686940332485594,1782.03420231254
1497,29,0.3215868678985058,1676.8121503225332
983,21,0.38240740786471855,1338.2901791584104
1578,23,0.36586438672728094,1598.8310054494211
1659,33,0.6629899549926477,2242.250522788264
1152,30,0.7088926649284726,1896.3962028880428
1719,22,0.40675568315533595,1731.1428376099057
1515,32,0.5529263464759144,1983.7225590786375
1358,32,0.7203515140056,2060.430844536323
1246,34,0.6664007723831253,2011.3477974066059
1915,21,0.5711186027459241,1917.7559434185778
1772,17,0.5951738452293864,1793.258757532085
716,32,0.55418027345814,1497.1725618095554
1895,24,0.4487742256594103,1898.2492871904215
1943,21,0.5825109964295081,2012.9578216051136
857,31,0.6444426510250454,1715.8312943326398
1176,28,0.7366614579304038,1968.3860795977805
1769,17,0.6181456769896241,1842.3658760481717
1217,26,0.680560768521579,1842.4978513012047
798,27,0.3800358174772865,1264.4507736703206
1760,16,0.5307787372098949,1711.4237520861748
979,17,0.30466580991354664,1168.9426977918354
1196,19,0.4233394322608115,1443.7945377979686
1001,25,0.6632308575565025,1649.0325101732935
880,22,0.7959049756746817,1672.3250130817785
1306,26,0.34958904979360794,1446.6953624595676
1822,21,0.5007471579306442,1813.8956978903136
1399,29,0.7000354843495797,2024.054642525569
1692,31,0.4020178173144494,1896.7780681197778
1839,18,0.5775424746511431,1882.0757607202036
890,27,0.6665356480148374,1654.0243323738855
952,32,0.6079927251300895,1724.3458830614984
1680,15,0.39401236730770806,1500.9963103340356
1627,30,0.4776922843428697,1926.1337053529965
1884,27,0.6918958922426985,2194.944539462168
1979,24,0.5771132570660082,2071.2141994656486
827,26,0.30261480677145636,1209.8130646380773
717,16,0.680495380014047,1251.3282340204848
1265,17,0.3176556774701195,1345.0133130578045
1269,24,0.6728668913656161,1763.4250185651958
1385,16,0.4012402800826187,1370.6014918804626
1325,27,0.77903674005969,2016.2106856553899
1553,27,0.48397037565104223,1780.8697436550856
1661,32,0.46346580816903954,1986.9626273713707
854,17,0.3744440251662223,1172.294322645057
1189,21,0.45280210774510743,1501.4805739051312
1484,28,0.7383253809141003,1972.0275953540734
1827,34,0.7981671688136236,2452.2643680829433
945,31,0.48415476525342416,1589.7172918151168
1899,26,0.5243053154772712,1975.341458514961
1762,30,0.6610354691013685,2149.204892468481
1458,26,0.7430978902325373,1903.2861285876213
1237,29,0.596522167093392,1815.4548076674255
1620,24,0.49576284908891466,1734.294273679811
1107,21,0.5063109204243119,1412.1774061321353
1224,34,0.6478090732484034,1863.6911139375088
1527,19,0.30160913180213933,1500.7435505516355
1602,15,0.6097946687299203,1679.331499045281
735,31,0.4777465052206787,1541.9328907165036
1384,17,0.6970986656385421,1702.3085924859272
719,27,0.34649531991156607,1160.6274220319187
1020,28,0.5941011334741952,1608.2749114767623
1211,32,0.5404864449430619,1847.777025943409
1099,18,0.6211627629526137,1522.8678540557803
1353,32,0.33242679724148416,1621.512432416954
1671,19,0.5899918937140656,1813.4928050067049
1170,30,0.5807422939797618,1790.8314307881392
1866,15,0.5803300472080855,1869.1999880032085
1815,28,0.6017438332982274,2141.6687947928735
1533,29,0.638233968613181,1966.7455363237266
1426,23,0.7024944998403848,1809.192115536283
1553,29,0.43491036006410716,1770.7371020079433
750,31,0.712524705090031,1720.5387304191752
1274,18,0.5491278411317269,1497.9398948211963
1913,26,0.33852913956716557,1767.1715938224136
1848,19,0.3292754646219896,1650.4648586994838
849,19,0.4671191593480304,1269.1865417695078
1013,25,0.6924484885557338,1700.588338326313
1269,20,0.6538404673704579,1650.4157006354544
1004,21,0.6943074823362032,1604.7874466259148
1381,28,0.5586345282208047,1762.9228710073896
1537,25,0.5200994989777452,1833.1094195339845
1777,27,0.37372626335314196,1853.9887300893297
1702,16,0.46409637680465576,1542.7869836927512
1143,21,0.5170096830869376,1462.034140077317
1312,34,0.3443002148398086,1605.4737520853046
1692,18,0.4103059763556056,1583.8047796352607
963,22,0.5991126470318694,1516.4407485423515
1776,34,0.667831557119595,2163.3492961346683
1703,33,0.7991737556964749,2264.5807650402094
704,27,0.7665566656717788,1608.3587970677038
1826,28,0.6212825997675957,2104.645966237543
1919,24,0.510624026647036,1953.5912434988484
1473,25,0.6180886823541163,1818.5018046872538
1576,16,0.692825809040116,1809.6668526470858
1691,23,0.35916809546169365,1637.3340912323304
1583,31,0.5049524448481442,1902.8696893318415
746,17,0.7199011428178086,1516.5737473327356
1566,20,0.491916475966522,1741.9395285560395
1522,19,0.5859361356135933,1661.9570737672134
1635,19,0.5938846804310991,1832.8713013250579
1355,29,0.39223812656681967,1690.3079542913993
968,31,0.4811177208261442,1527.7045563885133
1069,23,0.46725564437096606,1502.6945265587092
1335,17,0.3130983542660324,1397.49495018666
1829,34,0.3120958819456776,1850.4686416334569
1356,31,0.7158485218378867,1967.9733807871735
819,24,0.4365354049864062,1376.9184783285814
1530,17,0.5590393831194077,1677.6141486606903
1781,32,0.4493627867943865,2007.4366005563627
1440,32,0.7703396225576702,2147.369083377695
816,31,0.42964837943288686,1477.183175479294
1490,17,0.5148284063694675,1533.5047999539133
1850,17,0.7363651252423009,2053.7310105733736
1712,20,0.7209667833959044,2035.446283017293
1781,27,0.39305070892313865,1812.0811717197373
1333,29,0.7013216548978551,1945.6478074071622
1212,23,0.5290934433689463,1518.53806824116
1501,18,0.5414844360426776,1677.6971738435693
1819,28,0.3667399862079719,1864.8428582936792
1841,19,0.3403007568785623,1637.691206028597
1259,16,0.6639696534868826,1669.6873214804077
1187,25,0.5482305761776498,1625.0267146286526
1960,23,0.5184253513075898,1986.65564760227
1596,17,0.6647541143261984,1751.7708973915926
1995,23,0.6827564494955549,2139.078841951843
1912,17,0.37945408383467677,1666.736370939535
1403,16,0.6051125747388206,1637.8779708408676
1280,26,0.36767704113884275,1509.2006946971749
1489,24,0.6756875430145228,1893.6139132309395
1560,23,0.6284775781335697,1909.779936705645
946,29,0.778307310541729,1809.469098679818
1799,22,0.3344790081782106,1593.6501531412766
853,19,0.32852736057562715,1222.5065557858982
1696,25,0.44109353734660006,1858.1662412811243
1809,16,0.430852841867953,1590.739707112672
1396,29,0.4234893995359999,1735.9747897982595
1943,20,0.7531272902605184,2099.478551732951
1792,22,0.42477309992475304,1773.947460691306
1770,19,0.4359748630643155,1715.68606951499
1708,30,0.6796991312089818,2121.9787411931657
793,32,0.52486992122527,1522.1816379459501
1657,20,0.6883552784775906,1882.3282258617778
1711,19,0.3326830787821926,1522.3734830081307
1152,30,0.5437855968366921,1678.1944864251698
1927,27,0.3168068000916413,1816.9478855891737
1611,19,0.33132660172767725,1481.0386022721398
917,27,0.7532187266722055,1785.8213299578363
1173,31,0.36962268555879757,1650.484993325594
1131,32,0.5662103411376085,1742.7076790691062
1040,22,0.5055478013003533,1477.5180263271222
1250,27,0.4736716631294213,1663.6559186445681
1977,33,0.7499166728436362,2422.0167863896
1056,17,0.31091169838774474,1182.7094617835492
722,22,0.6318948430877945,1470.0289640057806
1221,16,0.7816972171067752,1736.3096647408079
1823,22,0.5800840917309209,1869.7009706145561
1501,27,0.7684112310165458,2102.369034236009
1903,27,0.3261289396430119,1861.9934815063489
1946,15,0.5093966595370807,1744.2323543281516
1461,20,0.43007889548102557,1562.4757872534055
1141,33,0.6654104824903648,1930.0769321309183
1468,30,0.7906485452486234,2114.182854269655
1715,22,0.4282650312221239,1779.4139336104245
1215,15,0.6270873007370372,1652.7809254680053
1739,30,0.39904881637987005,1829.2495147481209
1491,23,0.582665127285805,1719.1128971281162
1035,27,0.5319662433441681,1604.6571731244119
957,25,0.7860026648157685,1800.5807900720758
1196,27,0.6042636363482332,1730.720317655995
1595,24,0.4747531860434094,1824.9162192094611
859,18,0.3570478924439667,1079.6176024578042
1551,20,0.37562341436746727,1585.7693455190479
1389,21,0.41265846497561753,1496.8654239376729
1079,19,0.425483330670149,1430.9522259805137
1656,25,0.7253080289205689,2152.933796578975
1390,27,0.5806113941412625,1777.278564752095
1991,33,0.5616954556871832,2189.7175988917543
1891,24,0.3573844359346087,1825.8638302835989
1766,24,0.7300698466747175,2073.713314185242
984,25,0.6614071516042419,1651.13659070763
1096,21,0.3338341809500008,1303.1036019771211
711,32,0.6539175486148843,1553.4338908050015
1976,18,0.571769108671323,1919.0772213666112
1198,16,0.3408626728733891,1225.3762841701805
1453,28,0.5291503207643282,1790.9941796443395
734,27,0.5423481435650235,1521.5297437384643
1426,26,0.38288727008163786,1553.061925367675
1548,21,0.7728490735001412,2007.5093328375401
789,16,0.724987685740331,1425.5395392237406
1475,27,0.6345111686645541,1898.0231602397623
1304,28,0.5311477805003035,1782.666375302889
1669,31,0.5058827707922542,1977.3853355206986
1721,23,0.625486733575477,1974.5173834364537
1117,31,0.5727159347034527,1799.6251677300957
814,22,0.3311365529409428,1161.5711337817766
1316,16,0.5562513243851659,1503.6394876597783
1919,27,0.7032018086164198,2148.44428228853
1525,17,0.529619938798479,1590.8494122995312
1798,30,0.3259782887771342,1972.4330100425705
1112,20,0.6931390996920166,1711.373078728856
1428,33,0.4006818910679872,1707.128172757586
1720,21,0.4293104174440194,1643.1875196068409
1460,24,0.38235317671614794,1616.4464798020726
1375,23,0.46510753243574876,1639.970772304647
1156,16,0.6783757528443175,1603.8199446101858
1619,29,0.5596929297519686,1936.4451400742837
891,19,0.40244063707535627,1221.6679240752114
1438,18,0.7389150390760204,1834.3090152839884
1822,34,0.7397909274757646,2335.0855777904308
1677,18,0.7352892125230035,1822.8241938856268
1708,32,0.41939810569076963,1901.90812416201
795,18,0.525619672090494,1240.5493503774785
1362,31,0.7924948280704376,2102.255399015863
1913,26,0.6860062381549952,2311.7691882851655
736,31,0.3135837106127799,1319.9577938864952
978,24,0.332602295630246,1285.9258113216263
916,15,0.5319656884061663,1336.055763505029
1566,32,0.7546101029307801,2201.744497291241
1572,32,0.5693508989763572,2016.3556234989494
1996,28,0.5489062540171451,2137.2487836779287
761,29,0.3527368499783153,1416.0640282197921
1295,26,0.6283900523621471,1739.3456305958514
1428,18,0.7110515803001127,1808.7331841406854
1096,17,0.49021000375378115,1331.8909472547043
1398,34,0.6878059254626637,2094.581557779776
1742,26,0.7822383269504058,2127.304001376101
876,21,0.40188322956384454,1239.0148888835902
1095,25,0.5616648155973707,1594.4103198854755
1144,15,0.44356897904228776,1364.3598150095231
1956,20,0.6964272095169197,2120.3499317140404
775,29,0.5887966829405787,1494.0108141182595
964,29,0.6172912087751519,1682.0379143251444
1154,33,0.698957079807947,1900.4780870704883
1417,25,0.49798523633122743,1643.5599907974608
1434,16,0.7575450342035216,1783.694181682303
1550,28,0.56651443362307,1886.090294200279
843,16,0.378977411417674,1241.81323573495
1584,18,0.6479495590844012,1821.597550352436
1792,31,0.6966306752191271,2143.749800181415
1822,17,0.4583808385337633,1681.1421383252164
1095,27,0.7285896284993765,1867.1587932708464
1748,23,0.7530716273828832,2191.493766026379
1647,21,0.43845224368890445,1602.6530780770065
1590,29,0.791760736357611,2072.7645171006584
1874,25,0.3703557640243792,1900.9040227929681
1867,34,0.401007834201245,2033.9885430697902
1268,16,0.39211241961901305,1302.6977830251947
1762,29,0.7469948550039351,2234.726309310057
808,28,0.6271462761624809,1459.3588892116368
1765,34,0.3760521416111364,1938.7209169409946
1909,25,0.5201617091841745,1991.0527678263288
1634,17,0.607649012534901,1810.8625195117925
1097,31,0.34173204249469163,1459.5372448800647
1946,26,0.7412081842036693,2238.492542273837
1333,29,0.7018017677207675,1902.0305364177882
1856,30,0.5526033867883191,2093.372574572035
1886,19,0.7835633076295851,2061.7959915114343
1938,34,0.5088804896375498,2137.475447679539
1432,20,0.7920551595182489,1858.2643897787373
934,33,0.6339599994018135,1793.5168114929963
1357,19,0.6173356366269707,1718.758192459804
1450,17,0.3829774476478925,1436.2464191500217
1287,15,0.740963879152322,1686.3757789003234
1732,20,0.5137448439603076,1707.3152732286305
1797,29,0.38111670289123967,1844.6328704909001
1653,16,0.3063037599878795,1450.2935291357921
1191,17,0.5798778418191912,1646.41749637069
1612,31,0.5636998110613382,1934.1014597726298
1976,26,0.6596768111845792,2240.8856731222013
1953,32,0.745129026508901,2411.4719651821915
1897,29,0.33970329232151475,1882.2351125460216
1891,26,0.6657482451701812,2219.179269379938
869,30,0.3937059720487911,1446.8112456791343
1645,22,0.729088526578582,2011.0464863619784
1494,28,0.709531756930828,2013.8757242799509
1333,31,0.5703968774927721,1918.0753216137034
1917,22,0.6551213993116558,2108.4448610022
728,29,0.4571750565918742,1369.8911922170635
1888,28,0.5355839494664073,1973.621589736469
1038,32,0.7108184488552358,1859.669416985453
1199,34,0.5296325985866069,1769.1306703667246
1210,21,0.4788991326627209,1500.7229039319532
916,17,0.5471062236251499,1406.978130359357
1855,26,0.7141246262186092,2138.7595434642694
1793,17,0.46760402368543635,1701.9628546198578
1975,34,0.3868807965678719,2057.2819333082916
1144,28,0.6560070101653903,1830.4285542756545
1575,29,0.7129891063540409,1968.1446396548106
1905,28,0.35031873926176665,1832.483724523502
866,21,0.41993705637797235,1283.501240991946
790,31,0.37098599488049694,1445.98994270184
1413,26,0.4739707057910833,1675.875583415773
738,34,0.5251754894527063,1480.3478541506124
1849,18,0.6744131684816532,1989.89874077996
872,23,0.6255737924408371,1489.8056729995558
1352,20,0.6104642837392156,1626.9809507846976
1453,30,0.4761874733048272,1771.4702038191658
1943,16,0.72072377654238,2002.9975086595875
1781,22,0.5356435836990823,1835.9063504721717
1175,25,0.7895524690075773,1766.7741661526238
1155,27,0.6170710691478685,1779.424378992225
1528,31,0.36313237078225136,1810.8761228461876
1594,22,0.6380887810377169,1907.6648806046921
1724,32,0.4625520077158495,1907.6677241946086
1086,32,0.6431635983430487,1816.0890216456728
1047,28,0.33482057408120286,1417.99450831973
889,29,0.3874407185879797,1441.8804380660752
1204,20,0.7278686294528931,1763.285653888797
1914,25,0.41358977851175743,1833.8810885728326
1523,27,0.71852056262147,2024.1203404421483
1628,15,0.4396380442272052,1576.5020644579672
1633,20,0.6214409550293538,1910.7320711366924
1840,23,0.6470752867549154,2062.3006137461516
833,22,0.5563273765725265,1452.2802109413026
757,25,0.45265533834836563,1335.3466697448337
1384,33,0.40632218818554805,1828.8451454457231
1371,23,0.3165946772812131,1482.5828170791879
872,31,0.4519732006203619,1464.9188051116835
1514,26,0.6265813952656415,1973.749893771901
1872,28,0.7691524092242413,2300.0475728511924
779,29,0.735602241131526,1682.950040075102
1585,30,0.6830323882676512,2051.557739897689
1936,34,0.6942236716266493,2357.0524488836872
902,15,0.6324924517379976,1406.651691501377
1463,24,0.4301434287830015,1651.508042064562
1952,22,0.7535975153529149,2185.162949025059
1950,32,0.635366155952917,2335.364024681736
746,15,0.5802203154902199,1306.7974731019642
1956,16,0.3554947346067405,1663.0265141699917
1866,15,0.5235277719032128,1803.5933009415871
1982,15,0.5301791356009631,1769.552940424586
1355,23,0.732281804761335,1889.6781572586756
1170,27,0.5733241100938942,1788.7894275805497
1670,15,0.4902002744852048,1614.297979715586
1735,27,0.7884001642553297,2153.518467824375
1435,34,0.3553602966631578,1720.2558522335048
1483,21,0.5112742141559723,1618.2925622888529
1667,16,0.32101233758570263,1435.2742421793175
1057,20,0.6699520603834652,1579.9266554539638
1671,21,0.7590382760995753,1944.2599251406432
1367,28,0.4400186647752447,1684.2995814727249
1072,32,0.7291708383995604,1950.284697088893
1731,29,0.44610911523094887,1846.2213062236028
1845,16,0.7553850808219575,2073.849277004046
1375,24,0.676980951798392,1870.0205562247718
789,26,0.7024533884207194,1668.4824177019223
1397,31,0.30900327780022724,1594.6115501076206
1901,22,0.781405178537013,2214.6314398903437
1239,25,0.6633354960351616,1728.2388010153961
1431,17,0.45237554769306665,1552.387922734892
1568,20,0.7146973324294235,1907.2892994191002
740,23,0.44076059920746496,1298.423160206704
1439,20,0.736376919783064,1797.0971895018213
1201,23,0.3562901952059685,1372.0367030921384
1658,21,0.6518429887303978,1930.704399643067
1868,23,0.5703492383224551,1916.9318381112453
1924,32,0.3482672350977204,1973.4275497026765
1628,26,0.4209469141294195,1686.590023806407
1160,22,0.3062020181386574,1368.6107287719908
1431,22,0.534383982732253,1628.2578169938276
1451,32,0.4506326303800002,1843.7476272639763
1624,34,0.5991787421488795,2122.4602888311792
1608,29,0.4486189038543086,1797.78031293283
1976,21,0.44995955575349234,1887.0608841077287
1089,25,0.6715965993658017,1729.1187125324795
1582,34,0.3240714179891767,1768.1293251795398
955,30,0.7514474975959936,1778.5197633921832
1408,18,0.7261319371955908,1692.0006526119619
1149,20,0.6339023416132032,1625.8848439781877
709,17,0.5966107850536921,1212.8706464855893
1523,23,0.7461512490698261,1972.4184590418913
1497,24,0.3926650897643572,1607.9926789602448
1965,28,0.3394845810954143,1915.941719867324
1974,25,0.41975508495476904,1891.6528099802758
1576,32,0.6972891393500951,2108.8167500327404
1728,26,0.31733513336324165,1737.9286685776565
1842,26,0.5914034175417449,2049.1563189959506
1715,27,0.797718758095655,2211.0265559547943
1073,27,0.7278480469187697,1827.8114264091962
1788,33,0.5607228445217947,2037.9442383614394
845,33,0.33182045464332116,1452.1598886426702
923,28,0.7156867571928549,1767.810196893535
1962,18,0.5994892540886052,1889.6550976597805
876,27,0.3574664985297834,1323.2624748460732
1552,22,0.3469286424116781,1560.9632780302966
762,33,0.7548134097182961,1789.0885704982095
1940,26,0.6346001314690393,2141.293129797466
1526,32,0.7146433996583778,2189.211738749937
1494,20,0.7394894501411337,1940.577786524775
1388,32,0.5858861760241612,1854.2752163525909
804,33,0.5587231758775206,1651.826675392823
1822,19,0.515213705160495,1872.6603711372654
1210,23,0.45847329389555963,1542.8137199300197
1084,17,0.5172979804293558,1453.8470016886542
1104,24,0.6869398278650782,1819.5533501501166
1522,33,0.6009617155075657,2073.147192812915
1217,17,0.7462616449774231,1707.2270747595096
1175,29,0.5216900071895938,1741.4444308938316
1408,15,0.603544789359377,1614.7891810142216
1470,21,0.6156537765459944,1771.848928710242
1746,26,0.5958485811531627,1971.2778693674761
1696,31,0.6513168865427581,2197.4875544843635
1376,34,0.41871673418740313,1745.795300890303
1413,19,0.5561818887728953,1719.300275006801
782,18,0.3521124014041738,1128.1056075911924
1868,26,0.49225566382240626,1876.2903550823094
1808,34,0.5438335343106322,2146.2159989602033
1801,32,0.6261121297727362,2061.610804390155
1156,31,0.7752655262931017,2004.5409271346534
700,33,0.6003255332741779,1654.5871074236275
750,23,0.6717969580882799,1477.1791603056772
1384,18,0.5531330297476014,1611.3104145453804
1416,16,0.6170520156881656,1742.7598873756801
1148,18,0.3354661080668867,1244.1787728537897
1580,16,0.4271957904209235,1484.2504110680934
1187,29,0.48092654660256934,1728.5097167256993
733,16,0.5362466775032568,1320.8760370297964
794,18,0.32282437275119186,1080.0091563435842
1795,20,0.37001204877665883,1718.0852005470767
853,21,0.4384071538956529,1351.9809496721969
949,24,0.7857663454505253,1703.142133823606
1373,33,0.46567350355152537,1787.908211783132
1137,33,0.5410205290560413,1831.064254713778
817,26,0.39804885636919646,1410.799570304622
1470,17,0.6053900355378841,1708.534078546602
967,27,0.44034160775798714,1419.8508900828845
1777,32,0.4034962892192134,2031.3493448041854
935,22,0.5582863142229895,1439.2377693323913
1088,29,0.3027528995802104,1409.9960105216378
1689,15,0.30383201632461265,1465.4489080490937
1462,17,0.4095344045509289,1558.2424255866677
1100,22,0.31836068125041056,1351.0594800780218
1323,18,0.3540128770653457,1396.2561520834413
1466,30,0.4694303246693758,1825.594751175281
1618,24,0.7012928397899064,1992.4685732220796
1930,26,0.5860243216846504,2098.9312974105756
1952,28,0.5563338629782082,1965.855859093493
1552,28,0.4467444116040608,1767.914038650571
1277,16,0.7658768597164082,1736.4429564622471
774,19,0.4985075206185958,1207.9568164376205
1134,19,0.34354638339788574,1309.8625492884637
802,20,0.6085332580589007,1399.3096970095946
1463,27,0.3569191967383007,1716.1929816540753
1437,23,0.47261157140084603,1729.762557661589
1505,29,0.5537059693589044,1862.9156909029964
797,28,0.737111262342588,1688.069376764253
1497,21,0.5467732901700593,1711.5759118896397
1558,34,0.6511293830158321,2087.546409207851
1134,16,0.7964084194995351,1693.1596687009414
1146,21,0.3657445599489908,1320.8304565046114
948,20,0.43736576275975975,1254.8349960128835
865,31,0.4972880377988232,1580.9235989938365
1683,16,0.5109140892694157,1703.8905684805063
1719,17,0.5055105376327729,1664.7947496497732
1241,19,0.7538055012782774,1799.0732728164076
1458,19,0.6570163222334282,1734.4374357751615
1829,15,0.6039526070453518,1831.1108689472508
780,22,0.45468635893139103,1325.7035595620139
832,26,0.7118951921106473,1646.2145638754616
1496,18,0.7775302557424945,1908.267301349551
1599,27,0.7105991412751133,2024.2776590807346
837,29,0.30078255259573644,1289.4592234243316
883,25,0.6182006850917035,1549.4077135476864
1484,24,0.32556769072105035,1510.2387733940384
1683,17,0.4288036101668609,1601.4649020110717
768,28,0.32976235017388583,1196.3314352306984
1245,30,0.6018977264746939,1799.8400391175887
752,24,0.6432949567463033,1485.0511820778197
904,24,0.35724381903295255,1276.4348314081835
825,26,0.49191944152248973,1412.3445692289508
742,23,0.5281182544777709,1356.0300444847644
810,15,0.4845265108804583,1213.4985867847615
1460,19,0.3605125002425965,1514.2383539492228
1906,34,0.5094738950937376,2109.9856337513243
1547,22,0.675589023904209,1828.928981134752
794,25,0.3355038322666277,1180.4016116544726
1599,26,0.3400900070409517,1635.2298609812053
1059,15,0.4773856459179921,1289.2895800271667
1599,34,0.7708628558094626,2211.8630524995897
980,25,0.6342863233614571,1559.4804901489624
1918,19,0.6393349783362824,1955.528936962573
1918,29,0.4809599954189325,2029.031326424631
1366,19,0.5968303956042692,1689.5818688960474
792,26,0.3050655920138717,1193.1944393584554
1371,19,0.6180480232047711,1662.8981320975995
760,31,0.7566434737881184,1710.3085583457528
1333,31,0.6062867341724096,1891.2147756536708
1774,26,0.7368492967331726,2101.427865023632
1728,29,0.6619865277330469,2134.642918395107
1303,29,0.3602792082018451,1502.4858836051394
1381,20,0.7512266536429208,1823.7451700202978
1233,26,0.33322192217788743,1484.7772891374743
1537,34,0.5669837362738819,2024.675462090007
1344,32,0.3710685618967288,1817.7202450957536
932,28,0.305853305365452,1349.3433065938473
1223,16,0.5110171300638195,1392.3144002217189
1045,23,0.4475203538270781,1425.2471414726244
1769,19,0.5430002468988016,1718.687930225479
1245,34,0.5885999433672754,1887.0699559024374
1801,15,0.32186953615447367,1480.7167333044358
1796,17,0.3615016475618728,1645.2711613398808
1493,20,0.5793211982252127,1698.3441844954361
948,19,0.4715836765863291,1319.745380796567
746,19,0.6645867437747239,1385.8088517045037
1844,15,0.6261458242959699,1935.0883918886364
913,31,0.7228021814949535,1783.2400431890578
938,33,0.6462464133346126,1866.8742655085725
1779,28,0.514965538695074,2005.1731268009873
1049,26,0.6364833111972161,1705.0866475639855
806,24,0.43769058712770925,1339.1272444935853
1530,34,0.45315674938910633,1917.8466142999189
747,32,0.6944925799603967,1611.6089509931162
1036,25,0.5232097582007911,1527.265588493253
1749,16,0.6991901702591763,1935.9480688183924
1503,32,0.7112111868341392,2100.2663276604335
1980,21,0.7287811688306418,2068.521676490463
707,29,0.7583176179206037,1689.1973953917302
1324,25,0.5154926102566482,1762.6978860694228
1976,32,0.4594334091605694,2149.7779949373053
1418,26,0.5910993732970569,1816.9991728287553
1002,20,0.4855862117188138,1434.158675571718
1338,34,0.6005370834001165,1931.2117323817138
755,27,0.6527929313219123,1485.0993519805766
1425,34,0.6442025092460684,1990.4792098395908
1225,30,0.48727644351006066,1777.9208819354706
1173,32,0.3834301008493764,1596.2304467579113
727,24,0.5152646692311038,1346.5954702623528
777,22,0.37129707204095436,1184.8051622272103
1939,32,0.7450485175919042,2449.7553470705543
1064,15,0.4729387303689287,1386.2366761370317
1365,22,0.3772298736116619,1610.6688852840684
1225,20,0.3127238799528754,1317.271619432873
1398,19,0.6229111931432421,1716.6924175805968
1582,29,0.6184511587273716,1913.619031256332
1730,29,0.4703020832906458,1989.1488045965596
1726,16,0.3358559444238255,1460.4669668604288
1618,15,0.5048144474476159,1624.6532256357475
1449,25,0.4556087475316968,1625.2436211500544
1062,24,0.6385603198675047,1620.1169785305701
1997,32,0.6028896247263451,2199.52650317386
1505,32,0.48229686409877,1844.403101064979
1438,31,0.40894627712749504,1720.9901419700461
1738,22,0.7940179830777959,2075.604543331542
1915,29,0.5270008105980575,2106.167506187073
1184,22,0.6441371178901185,1620.8939782369926
727,31,0.3702764837891804,1364.8035551398739
1413,26,0.5427948498296988,1830.1928074449766
1762,22,0.31376835993473273,1609.108541709063
1996,28,0.552727558955225,2074.831614417845
1954,18,0.7820087035588512,2107.4824722998387
785,15,0.4921033564929001,1243.5896169109355
825,15,0.3194980062874558,1041.7033878351237
1511,33,0.31547789545967175,1704.4171807292919
1236,30,0.49399337997343473,1736.1872125328366
844,28,0.380012468231597,1306.897860739776
1935,30,0.31167604816409294,1913.2440236862403
724,19,0.6781068069750884,1440.5371723601768
766,23,0.5292615044409453,1356.8710808840012
932,16,0.44462238598632725,1188.6930960639656
808,32,0.7500415915082403,1749.7075453940674
1869,20,0.3580694801002628,1719.3103469175583
810,23,0.7779594144776596,1704.4084396021128
927,15,0.4569833586886764,1188.6179713372367
810,23,0.7442018361543405,1632.1211713319146
733,30,0.6014714382397308,1463.6200873096273
1322,27,0.7133536798707437,1885.1227933378836
1447,23,0.7920065816052322,1973.9536349616872
1294,27,0.44420271890937285,1585.7185480602811
1124,23,0.7805677427037965,1755.7424239643167
1312,25,0.49474094745121017,1617.3519696277658
1391,18,0.49275595236846115,1562.8655887847797
1014,16,0.47019355212725283,1287.827101206934
1576,20,0.5707038036737926,1646.792242007544
1361,28,0.37707252158924354,1511.53751395749
976,18,0.5768557426790055,1394.5124837861467
1323,20,0.570852406205002,1655.2367355076794
1215,33,0.680950906302435,1811.0756641661733
1542,20,0.7168249809687928,1862.8384721612113
1049,16,0.520220675156212,1338.408282330341
1522,32,0.45116662467574686,1921.5835135861691
1860,27,0.4296674486585472,1880.4163580729041
1458,23,0.39731191835243596,1605.4613675894823
1598,33,0.32882379109951243,1794.8866481038856
942,27,0.47122398941735666,1375.6956654269966
1242,25,0.4351238460653916,1594.5342068969785
1763,15,0.7832086929332036,1975.478518206018
928,21,0.578854413125022,1488.2678451087513
1247,29,0.47363851951525376,1873.4504048370702
1619,15,0.5902338004968479,1595.5281535219185
1946,26,0.36959835067284774,1948.8331831609032
705,21,0.5220218746011014,1280.1494986310836
1167,29,0.6131171607105319,1790.9836059306824
774,33,0.5444489158962257,1589.1733036311634
703,15,0.5008894003271621,1131.17758365726
1345,31,0.7969241944498491,2060.932548037911
817,31,0.7401573810744635,1785.132817853114
1580,17,0.61170297907972,1665.844294246136
1203,26,0.5846886805911413,1743.7176389672295
1646,20,0.6103302399122921,1812.5205196680295
1273,25,0.4006560539112166,1480.6525869591987
893,17,0.4975688716321593,1261.5682287323687
1546,22,0.31972976644544965,1595.587227288578
1414,28,0.5377730187434133,1778.0062643926021
1749,28,0.5715122919788316,2023.9349728893126
872,24,0.4138748680516048,1293.327054265831
1025,16,0.7820144235827569,1652.410516078938
1841,28,0.754727305468621,2269.502692408131
1535,23,0.661071617727953,1981.0020593927736
1423,17,0.5666933143826813,1609.4151171077206
924,22,0.7349845798238425,1670.4173200617379
1231,30,0.36532617191173145,1585.7295488886784
812,16,0.6952548971374425,1486.0484862305934
839,20,0.36241040698342414,1145.9687876029875
1258,26,0.6971053312747026,1883.3555969185668
700,19,0.43788378412567847,1158.1489193198443
789,16,0.7385452905090945,1449.8358816536695
1353,30,0.7720210469126989,2053.108671135117
1019,19,0.3743979847025578,1276.5100045238917
838,29,0.5313378025326967,1524.5263503765989
1544,26,0.7904936890813425,2093.2293482398686
958,18,0.5417037179865734,1459.6096208646825
1601,29,0.7317737612572726,2161.546245538034
1389,25,0.5943657610656599,1832.3234906905047
709,30,0.4876649539598009,1419.3879776586073
960,20,0.4428917777629351,1278.4297363515188
871,28,0.4016115455430436,1444.8765734549313
1597,32,0.6808990956888485,2163.201435315338
712,26,0.4932702534115139,1442.9037871990631
1891,25,0.5556377311003755,1970.938699801914
1020,27,0.546162740000591,1584.6853072325737
1028,25,0.5886395146165656,1520.665306490294
1484,30,0.732788572812276,2055.1650175092323
1476,29,0.7903696717917147,2158.198197320687
1610,29,0.5037921042869085,1865.4673353254984
1818,18,0.7137594610531515,2014.7834508131925
1017,25,0.6822638973273588,1681.2387420274683
935,33,0.5867644757277866,1730.4673271388647
1033,29,0.7780235718059665,1817.1390023151832
1075,18,0.4002372577642014,1301.9977302458965
1860,27,0.3546321051548107,1675.0753066097745
1287,33,0.726980983477711,2021.1361755696119
1212,16,0.5195749083168741,1364.051246131117
1617,28,0.7234844271035302,2152.284152930871
1572,18,0.7465451025977075,1931.415470235933
1952,30,0.3312287968095357,1930.5623459078397
969,34,0.7417323814930303,1982.2826928509994
1497,28,0.5241595276847111,1785.2137016434692
1424,29,0.555216244502116,1934.5844043978939
1888,17,0.613296255546605,1943.9058337596243
704,22,0.7631913033650434,1543.363539004096
1550,30,0.309558047214882,1741.3390545740292
777,24,0.5384217341589086,1351.607058538327
1273,18,0.6438610212152803,1599.1353131388967
831,32,0.6613534788491142,1686.4239926871292
1300,16,0.6462662157685539,1589.8173303653532
1765,31,0.3672175647040609,1816.8896825660481
788,27,0.4496977941858406,1444.851947540607
1101,18,0.4793577627085067,1376.915042690015
995,25,0.7022186038397524,1717.3438522575964
1315,21,0.4393799362072765,1488.3623678865924
1499,26,0.40535248193360157,1583.8223169061757
1121,24,0.7787240095190481,1832.7268774386193
1746,21,0.30443164255673444,1501.8188937857456
1274,27,0.7989104278409891,1972.4787255367157
842,21,0.6384106494286979,1410.9948974870574
1692,31,0.7142346497245585,2279.598449686099
1364,24,0.44730969817309657,1654.8778342818327
844,24,0.30715763883353,1214.445328397104
1948,18,0.6689347592807651,2066.1200931634985
1706,34,0.7170722985003379,2207.756499627051
1202,18,0.6702380659767595,1658.4120349102643
1520,21,0.3714251436504193,1561.4156653363548
803,15,0.6767139611284845,1391.414965195168
1762,26,0.6844613910538204,2149.079066059159
897,27,0.6292702578350274,1654.3948629740175
1278,24,0.6830579663977931,1816.4941495390444
1090,29,0.7229607198388661,1765.2163480274514
1902,27,0.6068020571187291,2049.799742354756
1253,23,0.3443023569848395,1424.6669103050533
1738,23,0.5438139048336055,1877.482523547438
1177,29,0.3388246673358025,1450.8144811021064
1954,24,0.5037715155162155,2081.3553492951364
1622,24,0.5035532445628138,1870.3729473254923
1119,22,0.3330049220701208,1362.610838089745
856,30,0.47441026698473965,1506.0121100489268
1249,31,0.3554990493956574,1589.3886009005998
1820,19,0.7041176050046111,1946.5216820034993
1720,18,0.7738440129822354,1997.7180389081786
1696,32,0.3361582376289693,1837.045864636107
1650,33,0.7775576036458507,2200.4695748717695
988,18,0.5612882996683726,1431.9971205306174
1977,21,0.44978283897693694,1850.5198865356995
895,24,0.33843103763808174,1170.5406597442122
1297,32,0.5503121340352088,1795.7928834962338
1216,33,0.6972577722453743,1944.577495574292
1564,18,0.6535432386333491,1889.9276215003586
1841,24,0.32511300573198687,1753.4406619586748
1505,15,0.33645091768395174,1322.176839228957
1882,32,0.5014366413163185,2106.7384557872
1514,19,0.4476452470239716,1507.2800475770534
927,29,0.4161921615280239,1513.8267142223776
915,31,0.4405022494543568,1494.446016863463
1647,17,0.7017413716484423,1860.5595622114838
714,26,0.7646140268159269,1707.9038591930364
1880,16,0.5025513472637833,1698.1931688345708
1984,15,0.7530555010662485,1975.199591810599
1880,31,0.46074785062394097,1991.5678843066405
746,30,0.5382184931718959,1563.1374357228615
1023,19,0.41301449890799985,1228.5471951341578
1543,29,0.6202380210879219,1830.1302411823935
829,17,0.7894905575874045,1521.4326146669546
794,21,0.6017465480216893,1446.3335880172353
1326,25,0.4789070420567744,1701.9201295437158
1454,24,0.6239087229952642,1807.7506548909944
1493,23,0.3614603392326938,1547.3890088768935
768,28,0.7443295401326993,1746.0245768454865
710,27,0.5515419753899182,1353.0548904051473
1977,16,0.524674871019821,1813.7488322606705
1571,17,0.5929323942267596,1727.9535887230127
1249,21,0.6123919313947013,1679.352867458953
